{"stats":{"minecraft:crafted":{"minecraft:oak_planks":12,"minecraft:oak_sign":3,"minecraft:crafting_table":1},"minecraft:custom":{"minecraft:time_since_rest":10172,"minecraft:sprint_one_cm":24959,"minecraft:damage_taken":560,"minecraft:walk_one_cm":16817,"minecraft:damage_dealt":20,"minecraft:swim_one_cm":6061,"minecraft:interact_with_crafting_table":1,"minecraft:fly_one_cm":135241,"minecraft:open_chest":1,"minecraft:crouch_one_cm":5,"minecraft:play_time":25988,"minecraft:deaths":2,"minecraft:sneak_time":168,"minecraft:walk_under_water_one_cm":639,"minecraft:jump":341,"minecraft:leave_game":4,"minecraft:walk_on_water_one_cm":1412,"minecraft:time_since_death":9692,"minecraft:total_world_time":25988,"minecraft:fall_one_cm":11793},"minecraft:used":{"minecraft:grass_block":2,"minecraft:oak_sign":1,"onlyhammersandexcavators:lapis_hammer":3,"onlyhammersandexcavators:netherite_excavator":2,"creeperoverhaul:bamboo_creeper_spawn_egg":1,"minecraft:sand":6,"minecraft:crafting_table":1,"waterframes:projector":1,"onlyhammersandexcavators:lapis_excavator":2},"minecraft:picked_up":{"minecraft:stick":1,"minecraft:raw_iron":1,"minecraft:sand":13,"minecraft:oak_log":3,"minecraft:dirt":17,"minecraft:string":1,"minecraft:mossy_cobblestone":8,"minecraft:wheat_seeds":1,"minecraft:coal":3,"minecraft:cobblestone":92},"minecraft:mined":{"minecraft:mossy_cobblestone":12,"minecraft:iron_ore":1,"minecraft:grass_block":5,"minecraft:oak_log":3,"minecraft:coal_ore":5,"minecraft:dirt_path":1,"minecraft:dead_bush":7,"minecraft:sand":13,"minecraft:dirt":17,"minecraft:cobweb":3,"minecraft:cobblestone":15,"minecraft:stone":122},"minecraft:killed_by":{"minecraft:husk":1,"minecraft:zombie":1}},"DataVersion":3465}