{"stats":{"minecraft:picked_up":{"minecraft:sand":4},"minecraft:mined":{"minecraft:sand":4},"minecraft:custom":{"minecraft:jump":67,"minecraft:time_since_rest":2709,"minecraft:sprint_one_cm":4787,"minecraft:leave_game":2,"minecraft:play_time":2709,"minecraft:damage_taken":10,"minecraft:time_since_death":2709,"minecraft:walk_one_cm":453,"minecraft:sneak_time":28,"minecraft:total_world_time":2709,"minecraft:fall_one_cm":2750,"minecraft:fly_one_cm":22051},"minecraft:used":{"minecraft:sand":4}},"DataVersion":3465}