{"stats":{"minecraft:crafted":{"minecraft:oak_planks":12,"minecraft:oak_sign":3,"minecraft:crafting_table":1},"minecraft:custom":{"minecraft:time_since_rest":30,"minecraft:damage_taken":460,"minecraft:sprint_one_cm":23490,"minecraft:play_time":15846,"minecraft:deaths":2,"minecraft:walk_one_cm":5337,"minecraft:sneak_time":47,"minecraft:walk_under_water_one_cm":104,"minecraft:jump":308,"minecraft:leave_game":4,"minecraft:walk_on_water_one_cm":393,"minecraft:time_since_death":0,"minecraft:total_world_time":15846,"minecraft:swim_one_cm":6061,"minecraft:interact_with_crafting_table":1,"minecraft:fall_one_cm":11793,"minecraft:fly_one_cm":92405},"minecraft:used":{"minecraft:sand":6,"minecraft:crafting_table":1,"minecraft:oak_sign":1},"minecraft:picked_up":{"minecraft:stick":1,"minecraft:sand":6,"minecraft:oak_log":3},"minecraft:mined":{"minecraft:oak_log":3,"minecraft:dead_bush":7,"minecraft:sand":6},"minecraft:killed_by":{"minecraft:husk":1,"minecraft:zombie":1}},"DataVersion":3465}