{"stats":{"minecraft:picked_up":{"minecraft:stick":1,"minecraft:sand":6,"minecraft:oak_log":3},"minecraft:mined":{"minecraft:oak_log":3,"minecraft:dead_bush":7,"minecraft:sand":6},"minecraft:custom":{"minecraft:time_since_rest":4093,"minecraft:deaths":1,"minecraft:play_time":15282,"minecraft:sprint_one_cm":23490,"minecraft:damage_taken":260,"minecraft:walk_one_cm":4617,"minecraft:sneak_time":47,"minecraft:walk_under_water_one_cm":104,"minecraft:jump":308,"minecraft:time_since_death":1489,"minecraft:leave_game":3,"minecraft:walk_on_water_one_cm":393,"minecraft:total_world_time":15282,"minecraft:swim_one_cm":6061,"minecraft:interact_with_crafting_table":1,"minecraft:fall_one_cm":11793,"minecraft:fly_one_cm":92028},"minecraft:killed_by":{"minecraft:zombie":1},"minecraft:crafted":{"minecraft:oak_planks":12,"minecraft:oak_sign":3,"minecraft:crafting_table":1},"minecraft:used":{"minecraft:sand":6,"minecraft:crafting_table":1,"minecraft:oak_sign":1}},"DataVersion":3465}